,risk_gene,MUT_TYPE,q_value,empirical_q_value,PMID,NUMBER_OF_ARTICLES,neighbor_gene,neighbor_is_lit_validated,neighbor_PMID,neighbor_NUMBER_OF_ARTICLES,neighbor_PMIDs
10,BCL6,AMPLIFICATION,1.1060251600493613e-54,0.0116086711831392,"11224600, 11420458, 14685876, 17429099",4.0,HDAC1,True,12239610,1.0,12239610
11,BCL6,AMPLIFICATION,1.1060251600493613e-54,0.0116086711831392,"11224600, 11420458, 14685876, 17429099",4.0,JUNB,True,"11267971, 14674993",2.0,"11267971, 14674993"
12,BCL6,AMPLIFICATION,1.1060251600493613e-54,0.0116086711831392,"11224600, 11420458, 14685876, 17429099",4.0,MYC,True,"11368094, 11911252, 14499691, 16807070, 18000363",5.0,"11368094, 11911252, 14499691, 16807070, 18000363"
13,BCL6,AMPLIFICATION,1.1060251600493613e-54,0.0116086711831392,"11224600, 11420458, 14685876, 17429099",4.0,CD40,True,"11168856, 11675352, 15330155, 15876961, 15878750, 15901281, 16433790, 16630289, 17961770",9.0,"11168856, 11675352, 15330155, 15876961, 15878750, 15901281, 16433790, 16630289, 17961770"
18,BCL6,AMPLIFICATION,1.1060251600493613e-54,0.0116086711831392,"11224600, 11420458, 14685876, 17429099",4.0,BCL2,True,"11162590, 11224600, 11244819, 11420458, 12447651, 15571955, 16001430, 16271081, 16302195, 16564229, 17429099, 17474247, 18447972",13.0,"11162590, 11224600, 11244819, 11420458, 12447651, 15571955, 16001430, 16271081, 16302195, 16564229, 17429099, 17474247, 18447972"
20,BCL6,AMPLIFICATION,1.1060251600493613e-54,0.0116086711831392,"11224600, 11420458, 14685876, 17429099",4.0,PAX5,True,17016584,1.0,17016584
25,BCL6,AMPLIFICATION,1.1060251600493613e-54,0.0116086711831392,"11224600, 11420458, 14685876, 17429099",4.0,CCND2,True,"12112307, 15713710, 16531763, 16676365",4.0,"12112307, 15713710, 16531763, 16676365"
27,BCL6,AMPLIFICATION,1.1060251600493613e-54,0.0116086711831392,"11224600, 11420458, 14685876, 17429099",4.0,CD19,True,"11316463, 15553050, 16757432, 17210522",4.0,"11316463, 15553050, 16757432, 17210522"
31,BCL6,AMPLIFICATION,1.1060251600493613e-54,0.0116086711831392,"11224600, 11420458, 14685876, 17429099",4.0,TP53,True,"11390535, 11445847, 11445859, 11916556, 12589859, 12673364, 12673679, 12702551, 12708486, 12935924, 14689060, 15240783, 15810068, 15965904, 16012721, 16393249, 16455286, 16682429, 16713672, 16847809, 16903330, 16969480, 17258495, 17312781, 17565818, 17638058, 17693665, 17725429, 17908957",29.0,"11390535, 11445847, 11445859, 11916556, 12589859, 12673364, 12673679, 12702551, 12708486, 12935924, 14689060, 15240783, 15810068, 15965904, 16012721, 16393249, 16455286, 16682429, 16713672, 16847809, 16903330, 16969480, 17258495, 17312781, 17565818, 17638058, 17693665, 17725429, 17908957"
33,BCL6,AMPLIFICATION,1.1060251600493613e-54,0.0116086711831392,"11224600, 11420458, 14685876, 17429099",4.0,STAT1,True,"11222718, 12162406, 12963127, 15947106, 16249117, 16449678, 17961551, 18347248",8.0,"11222718, 12162406, 12963127, 15947106, 16249117, 16449678, 17961551, 18347248"
38,BCL6,AMPLIFICATION,1.1060251600493613e-54,0.0116086711831392,"11224600, 11420458, 14685876, 17429099",4.0,CXCR4,True,"12160842, 12519884, 12901795, 14567988, 14693238, 14960230, 15184868, 15201990, 15363550, 15486895, 15837745, 16000558, 16327980, 16836911, 16955398, 17176471, 17671223, 18089812, 18310089, 18312436, 18312436, 18487224",21.0,"12160842, 12519884, 12901795, 14567988, 14693238, 14960230, 15184868, 15201990, 15363550, 15486895, 15837745, 16000558, 16327980, 16836911, 16955398, 17176471, 17671223, 18089812, 18310089, 18312436, 18312436, 18487224"
39,BCL6,AMPLIFICATION,1.1060251600493613e-54,0.0116086711831392,"11224600, 11420458, 14685876, 17429099",4.0,STAT3,True,"11222718, 11426647, 11773428, 12067972, 12162406, 12440226, 12440226, 12532415, 12637586, 12640143, 12782602, 12865943, 12960141, 12963127, 15173005, 15254691, 15374974, 15498875, 15592503, 15613280, 15715937, 15947106, 16158919, 16490172, 16503733, 16642480, 17020778, 17122156, 17145757, 17225522, 17325127, 17498291, 17525119, 17566705, 17634553, 17761947, 17822622, 17826306, 17961551, 18172861, 18204781, 18326051",41.0,"11222718, 11426647, 11773428, 12067972, 12162406, 12440226, 12440226, 12532415, 12637586, 12640143, 12782602, 12865943, 12960141, 12963127, 15173005, 15254691, 15374974, 15498875, 15592503, 15613280, 15715937, 15947106, 16158919, 16490172, 16503733, 16642480, 17020778, 17122156, 17145757, 17225522, 17325127, 17498291, 17525119, 17566705, 17634553, 17761947, 17822622, 17826306, 17961551, 18172861, 18204781, 18326051"
40,BCL6,AMPLIFICATION,1.1060251600493613e-54,0.0116086711831392,"11224600, 11420458, 14685876, 17429099",4.0,CXCL13,True,17504990,1.0,17504990
41,BCL6,AMPLIFICATION,1.1060251600493613e-54,0.0116086711831392,"11224600, 11420458, 14685876, 17429099",4.0,CD4,True,"11104591, 11104591, 11174380, 11450684, 12541675, 16242001, 16425367, 16557179, 16970087, 17979491, 18180893, 18370955",11.0,"11104591, 11104591, 11174380, 11450684, 12541675, 16242001, 16425367, 16557179, 16970087, 17979491, 18180893, 18370955"
42,BCL6,AMPLIFICATION,1.1060251600493613e-54,0.0116086711831392,"11224600, 11420458, 14685876, 17429099",4.0,CCND1,True,"11470749, 11859213, 11958128, 12649172, 14499691, 14581353, 14586645, 14603450, 14697637, 15195525, 15846092, 16001430, 16235239, 16446704, 16446704, 16490596, 16807070, 16815198, 16906560, 16954163, 17065789, 17487429, 17641416, 18251939, 18398822, 18405350",25.0,"11470749, 11859213, 11958128, 12649172, 14499691, 14581353, 14586645, 14603450, 14697637, 15195525, 15846092, 16001430, 16235239, 16446704, 16446704, 16490596, 16807070, 16815198, 16906560, 16954163, 17065789, 17487429, 17641416, 18251939, 18398822, 18405350"
54,BCL6,AMPLIFICATION,1.1060251600493613e-54,0.0116086711831392,"11224600, 11420458, 14685876, 17429099",4.0,FAS,True,"11244819, 11396137, 11565907, 11595539, 11956107, 12170454, 12196918, 12324706, 12440162, 12450166, 12473607, 12504573, 12599437, 12740905, 12845662, 12933692, 15172638, 15172643, 15279653, 15596295, 15598589, 15657571, 15782141, 15852789, 15914317, 16253770, 16888677, 16905260, 17070096, 17187659, 17315195, 17425843, 17825601, 17975141, 17996216, 18162459, 18410580, 18528705",38.0,"11244819, 11396137, 11565907, 11595539, 11956107, 12170454, 12196918, 12324706, 12440162, 12450166, 12473607, 12504573, 12599437, 12740905, 12845662, 12933692, 15172638, 15172643, 15279653, 15596295, 15598589, 15657571, 15782141, 15852789, 15914317, 16253770, 16888677, 16905260, 17070096, 17187659, 17315195, 17425843, 17825601, 17975141, 17996216, 18162459, 18410580, 18528705"
57,BCL6,AMPLIFICATION,1.1060251600493613e-54,0.0116086711831392,"11224600, 11420458, 14685876, 17429099",4.0,CD79A,True,"11755827, 12574844, 12644768, 12786898, 15003473, 16757432, 17667166",7.0,"11755827, 12574844, 12644768, 12786898, 15003473, 16757432, 17667166"
58,BCL6,AMPLIFICATION,1.1060251600493613e-54,0.0116086711831392,"11224600, 11420458, 14685876, 17429099",4.0,LMO2,True,18447972,1.0,18447972
61,BCL6,AMPLIFICATION,1.1060251600493613e-54,0.0116086711831392,"11224600, 11420458, 14685876, 17429099",4.0,FOXP3,True,"15714205, 16328385, 17262084, 17691114",4.0,"15714205, 16328385, 17262084, 17691114"
62,BCL6,AMPLIFICATION,1.1060251600493613e-54,0.0116086711831392,"11224600, 11420458, 14685876, 17429099",4.0,EZH2,True,18326020,1.0,18326020
63,BCL6,AMPLIFICATION,1.1060251600493613e-54,0.0116086711831392,"11224600, 11420458, 14685876, 17429099",4.0,CD5,True,"11557777, 11697516, 12574844, 12973287, 14578559, 14633456, 16242001, 16536318, 16557179, 16703183, 17210519, 17667166, 17979491, 18370955",14.0,"11557777, 11697516, 12574844, 12973287, 14578559, 14633456, 16242001, 16536318, 16557179, 16703183, 17210519, 17667166, 17979491, 18370955"
68,BCL6,AMPLIFICATION,1.1060251600493613e-54,0.0116086711831392,"11224600, 11420458, 14685876, 17429099",4.0,CDKN1B,True,"17030811, 18288099",2.0,"17030811, 18288099"
70,CLDN1,AMPLIFICATION,6.591105366473553e-53,0.0116086711831392,"15170668, 17091452",2.0,CTNNB1,True,"15195113, 16001430, 17131411, 18044981",4.0,"15195113, 16001430, 17131411, 18044981"
85,CLDN1,AMPLIFICATION,6.591105366473553e-53,0.0116086711831392,"15170668, 17091452",2.0,EPHA2,True,"12494475, 16309192, 18030354, 18425361, 18485799",5.0,"12494475, 16309192, 18030354, 18425361, 18485799"
86,CLDN1,AMPLIFICATION,6.591105366473553e-53,0.0116086711831392,"15170668, 17091452",2.0,CD9,True,"14559986, 14735195, 15041054",3.0,"14559986, 14735195, 15041054"
91,CLDN1,AMPLIFICATION,6.591105366473553e-53,0.0116086711831392,"15170668, 17091452",2.0,CDH1,True,"11555590, 12579297, 12632081, 15073103, 15073117, 15289362, 15840741, 16263813, 17201146, 17724139",10.0,"11555590, 12579297, 12632081, 15073103, 15073117, 15289362, 15840741, 16263813, 17201146, 17724139"
95,CLDN1,AMPLIFICATION,6.591105366473553e-53,0.0116086711831392,"15170668, 17091452",2.0,CLDN3,True,16685400,1.0,16685400
104,FANCB,DELETION,3.07824363509455e-08,0.0253930555817348,17409780,1.0,FANCD2,True,"14517836, 17321670",2.0,"14517836, 17321670"
110,FANCB,DELETION,3.07824363509455e-08,0.0253930555817348,17409780,1.0,MUS81,True,17118488,1.0,17118488
112,FANCB,DELETION,3.07824363509455e-08,0.0253930555817348,17409780,1.0,FANCC,True,15107617,1.0,15107617
117,FANCB,DELETION,3.07824363509455e-08,0.0253930555817348,17409780,1.0,BRCA2,True,"11807777, 14574011, 14647419, 14689060, 15107617, 15300854, 16466850, 16623759, 17724471",9.0,"11807777, 14574011, 14647419, 14689060, 15107617, 15300854, 16466850, 16623759, 17724471"
118,FANCB,DELETION,3.07824363509455e-08,0.0253930555817348,17409780,1.0,HES1,True,12539049,1.0,12539049
120,FANCB,DELETION,3.07824363509455e-08,0.0253930555817348,17409780,1.0,FANCA,True,16982972,1.0,16982972
122,FANCB,DELETION,3.07824363509455e-08,0.0253930555817348,17409780,1.0,FANCF,True,"14647419, 16466850, 17409780",3.0,"14647419, 16466850, 17409780"
123,FANCB,DELETION,3.07824363509455e-08,0.0253930555817348,17409780,1.0,FANCG,True,"15107617, 16466850, 16982972",3.0,"15107617, 16466850, 16982972"
124,FANCB,DELETION,3.07824363509455e-08,0.0253930555817348,17409780,1.0,ERCC1,True,"11900225, 12704932, 15173087, 15788669, 16054657, 17976974, 18430179, 18645262",8.0,"11900225, 12704932, 15173087, 15788669, 16054657, 17976974, 18430179, 18645262"
126,FANCB,DELETION,3.07824363509455e-08,0.0253930555817348,17409780,1.0,BRCA1,True,"11807777, 12810651, 14574011, 14647419, 14689060, 15105900, 15300854, 16466850, 17321670, 18325101",10.0,"11807777, 12810651, 14574011, 14647419, 14689060, 15105900, 15300854, 16466850, 17321670, 18325101"
130,PIK3CA,"AMPLIFICATION, SOMATIC","4.9013845356499375e-54, 4.6307549428396854e-18","0.0116086711831392, 0.0","11358835, 11836556, 11959846, 14581353, 15543611, 15586224, 15700036, 16380997, 16676365, 16807070, 16815198, 17549376, 17848307, 17989125, 17990317, 18376308, 18447972",17.0,MTOR,True,"15355912, 15379322, 15833854, 16927414, 17047074, 17342092, 18089792, 18316583",8.0,"15355912, 15379322, 15833854, 16927414, 17047074, 17342092, 18089792, 18316583"
132,PIK3CA,"AMPLIFICATION, SOMATIC","4.9013845356499375e-54, 4.6307549428396854e-18","0.0116086711831392, 0.0","11358835, 11836556, 11959846, 14581353, 15543611, 15586224, 15700036, 16380997, 16676365, 16807070, 16815198, 17549376, 17848307, 17989125, 17990317, 18376308, 18447972",17.0,ALK,True,"11485898, 15214912, 15602716, 16796648, 17414097",5.0,"11485898, 15214912, 15602716, 16796648, 17414097"
133,PIK3CA,"AMPLIFICATION, SOMATIC","4.9013845356499375e-54, 4.6307549428396854e-18","0.0116086711831392, 0.0","11358835, 11836556, 11959846, 14581353, 15543611, 15586224, 15700036, 16380997, 16676365, 16807070, 16815198, 17549376, 17848307, 17989125, 17990317, 18376308, 18447972",17.0,PTEN,True,"11297621, 11401316, 11502798, 11735811, 11773428, 12047763, 12075083, 12119278, 12203792, 12224530, 12714585, 14574011, 15231710, 15543611, 15680400, 15684005, 15707585, 15800944, 15831044, 15911105, 15975525, 16075977, 16738322, 16889486, 16946009, 16964417, 17067457, 17283127, 17345711, 17898811, 17958724, 17970065, 18260377, 18281487",34.0,"11297621, 11401316, 11502798, 11735811, 11773428, 12047763, 12075083, 12119278, 12203792, 12224530, 12714585, 14574011, 15231710, 15543611, 15680400, 15684005, 15707585, 15800944, 15831044, 15911105, 15975525, 16075977, 16738322, 16889486, 16946009, 16964417, 17067457, 17283127, 17345711, 17898811, 17958724, 17970065, 18260377, 18281487"
135,PIK3CA,"AMPLIFICATION, SOMATIC","4.9013845356499375e-54, 4.6307549428396854e-18","0.0116086711831392, 0.0","11358835, 11836556, 11959846, 14581353, 15543611, 15586224, 15700036, 16380997, 16676365, 16807070, 16815198, 17549376, 17848307, 17989125, 17990317, 18376308, 18447972",17.0,AKT2,True,"15543611, 16002527",2.0,"15543611, 16002527"
137,PIK3CA,"AMPLIFICATION, SOMATIC","4.9013845356499375e-54, 4.6307549428396854e-18","0.0116086711831392, 0.0","11358835, 11836556, 11959846, 14581353, 15543611, 15586224, 15700036, 16380997, 16676365, 16807070, 16815198, 17549376, 17848307, 17989125, 17990317, 18376308, 18447972",17.0,FYN,True,12771142,1.0,12771142
138,PIK3CA,"AMPLIFICATION, SOMATIC","4.9013845356499375e-54, 4.6307549428396854e-18","0.0116086711831392, 0.0","11358835, 11836556, 11959846, 14581353, 15543611, 15586224, 15700036, 16380997, 16676365, 16807070, 16815198, 17549376, 17848307, 17989125, 17990317, 18376308, 18447972",17.0,FGFR3,True,"11605053, 12075207, 15165306",3.0,"11605053, 12075207, 15165306"
139,PIK3CA,"AMPLIFICATION, SOMATIC","4.9013845356499375e-54, 4.6307549428396854e-18","0.0116086711831392, 0.0","11358835, 11836556, 11959846, 14581353, 15543611, 15586224, 15700036, 16380997, 16676365, 16807070, 16815198, 17549376, 17848307, 17989125, 17990317, 18376308, 18447972",17.0,RET,True,"10989966, 10999773, 11116144, 11216646, 11289733, 11301350, 11329134, 11370534, 11502806, 11502837, 11706744, 11742034, 11817715, 11938683, 11953175, 12162676, 12212516, 12548161, 12670889, 12743496, 12907632, 14761598, 14962731, 15203751, 15379723, 15583857, 15611826, 15719371, 15988378, 16149875, 16209369, 16350727, 16402937, 16551863, 16555619, 16634961, 16778204, 16932252, 16946010, 17131411, 17427103, 17435680, 17471236, 17891251, 17900235, 18437172, 18551016",47.0,"10989966, 10999773, 11116144, 11216646, 11289733, 11301350, 11329134, 11370534, 11502806, 11502837, 11706744, 11742034, 11817715, 11938683, 11953175, 12162676, 12212516, 12548161, 12670889, 12743496, 12907632, 14761598, 14962731, 15203751, 15379723, 15583857, 15611826, 15719371, 15988378, 16149875, 16209369, 16350727, 16402937, 16551863, 16555619, 16634961, 16778204, 16932252, 16946010, 17131411, 17427103, 17435680, 17471236, 17891251, 17900235, 18437172, 18551016"
141,PIK3CA,"AMPLIFICATION, SOMATIC","4.9013845356499375e-54, 4.6307549428396854e-18","0.0116086711831392, 0.0","11358835, 11836556, 11959846, 14581353, 15543611, 15586224, 15700036, 16380997, 16676365, 16807070, 16815198, 17549376, 17848307, 17989125, 17990317, 18376308, 18447972",17.0,NTRK1,True,"11114633, 11216646, 16483615",3.0,"11114633, 11216646, 16483615"
144,PIK3CA,"AMPLIFICATION, SOMATIC","4.9013845356499375e-54, 4.6307549428396854e-18","0.0116086711831392, 0.0","11358835, 11836556, 11959846, 14581353, 15543611, 15586224, 15700036, 16380997, 16676365, 16807070, 16815198, 17549376, 17848307, 17989125, 17990317, 18376308, 18447972",17.0,IFNGR1,True,18281489,1.0,18281489
149,PIK3CA,"AMPLIFICATION, SOMATIC","4.9013845356499375e-54, 4.6307549428396854e-18","0.0116086711831392, 0.0","11358835, 11836556, 11959846, 14581353, 15543611, 15586224, 15700036, 16380997, 16676365, 16807070, 16815198, 17549376, 17848307, 17989125, 17990317, 18376308, 18447972",17.0,JAK2,True,15947106,1.0,15947106
152,PIK3CA,"AMPLIFICATION, SOMATIC","4.9013845356499375e-54, 4.6307549428396854e-18","0.0116086711831392, 0.0","11358835, 11836556, 11959846, 14581353, 15543611, 15586224, 15700036, 16380997, 16676365, 16807070, 16815198, 17549376, 17848307, 17989125, 17990317, 18376308, 18447972",17.0,SYK,True,17699797,1.0,17699797
154,PIK3CA,"AMPLIFICATION, SOMATIC","4.9013845356499375e-54, 4.6307549428396854e-18","0.0116086711831392, 0.0","11358835, 11836556, 11959846, 14581353, 15543611, 15586224, 15700036, 16380997, 16676365, 16807070, 16815198, 17549376, 17848307, 17989125, 17990317, 18376308, 18447972",17.0,PIK3C3,True,"15805246, 18649358",2.0,"15805246, 18649358"
155,PIK3CA,"AMPLIFICATION, SOMATIC","4.9013845356499375e-54, 4.6307549428396854e-18","0.0116086711831392, 0.0","11358835, 11836556, 11959846, 14581353, 15543611, 15586224, 15700036, 16380997, 16676365, 16807070, 16815198, 17549376, 17848307, 17989125, 17990317, 18376308, 18447972",17.0,ERBB4,True,"11673832, 15476268, 17604679, 17969526, 18043285",5.0,"11673832, 15476268, 17604679, 17969526, 18043285"
156,PIK3CA,"AMPLIFICATION, SOMATIC","4.9013845356499375e-54, 4.6307549428396854e-18","0.0116086711831392, 0.0","11358835, 11836556, 11959846, 14581353, 15543611, 15586224, 15700036, 16380997, 16676365, 16807070, 16815198, 17549376, 17848307, 17989125, 17990317, 18376308, 18447972",17.0,ERBB2,True,"11673832, 12649172, 14499691, 14581353, 14666705, 15021776, 15256466, 15476268, 15511476, 15800944, 16490596, 16815198, 16818711, 17200208, 17350323, 17416856, 17704947, 17888033, 17936675, 18061531, 18199957, 18199961, 18225590, 18528705",24.0,"11673832, 12649172, 14499691, 14581353, 14666705, 15021776, 15256466, 15476268, 15511476, 15800944, 16490596, 16815198, 16818711, 17200208, 17350323, 17416856, 17704947, 17888033, 17936675, 18061531, 18199957, 18199961, 18225590, 18528705"
157,PIK3CA,"AMPLIFICATION, SOMATIC","4.9013845356499375e-54, 4.6307549428396854e-18","0.0116086711831392, 0.0","11358835, 11836556, 11959846, 14581353, 15543611, 15586224, 15700036, 16380997, 16676365, 16807070, 16815198, 17549376, 17848307, 17989125, 17990317, 18376308, 18447972",17.0,YWHAZ,True,18339795,1.0,18339795
161,PIK3CA,"AMPLIFICATION, SOMATIC","4.9013845356499375e-54, 4.6307549428396854e-18","0.0116086711831392, 0.0","11358835, 11836556, 11959846, 14581353, 15543611, 15586224, 15700036, 16380997, 16676365, 16807070, 16815198, 17549376, 17848307, 17989125, 17990317, 18376308, 18447972",17.0,VAV2,True,17234718,1.0,17234718
165,PIK3CA,"AMPLIFICATION, SOMATIC","4.9013845356499375e-54, 4.6307549428396854e-18","0.0116086711831392, 0.0","11358835, 11836556, 11959846, 14581353, 15543611, 15586224, 15700036, 16380997, 16676365, 16807070, 16815198, 17549376, 17848307, 17989125, 17990317, 18376308, 18447972",17.0,PGR,True,16835481,1.0,16835481
169,PIK3CA,"AMPLIFICATION, SOMATIC","4.9013845356499375e-54, 4.6307549428396854e-18","0.0116086711831392, 0.0","11358835, 11836556, 11959846, 14581353, 15543611, 15586224, 15700036, 16380997, 16676365, 16807070, 16815198, 17549376, 17848307, 17989125, 17990317, 18376308, 18447972",17.0,FGFR4,True,11562460,1.0,11562460
181,PIK3CA,"AMPLIFICATION, SOMATIC","4.9013845356499375e-54, 4.6307549428396854e-18","0.0116086711831392, 0.0","11358835, 11836556, 11959846, 14581353, 15543611, 15586224, 15700036, 16380997, 16676365, 16807070, 16815198, 17549376, 17848307, 17989125, 17990317, 18376308, 18447972",17.0,PDGFRA,True,"14499691, 17513510",2.0,"14499691, 17513510"
182,PIK3CA,"AMPLIFICATION, SOMATIC","4.9013845356499375e-54, 4.6307549428396854e-18","0.0116086711831392, 0.0","11358835, 11836556, 11959846, 14581353, 15543611, 15586224, 15700036, 16380997, 16676365, 16807070, 16815198, 17549376, 17848307, 17989125, 17990317, 18376308, 18447972",17.0,LYN,True,17252232,1.0,17252232
189,PIK3CA,"AMPLIFICATION, SOMATIC","4.9013845356499375e-54, 4.6307549428396854e-18","0.0116086711831392, 0.0","11358835, 11836556, 11959846, 14581353, 15543611, 15586224, 15700036, 16380997, 16676365, 16807070, 16815198, 17549376, 17848307, 17989125, 17990317, 18376308, 18447972",17.0,FGFR2,True,"12075207, 12569015",2.0,"12075207, 12569015"
191,PIK3CA,"AMPLIFICATION, SOMATIC","4.9013845356499375e-54, 4.6307549428396854e-18","0.0116086711831392, 0.0","11358835, 11836556, 11959846, 14581353, 15543611, 15586224, 15700036, 16380997, 16676365, 16807070, 16815198, 17549376, 17848307, 17989125, 17990317, 18376308, 18447972",17.0,TLR4,True,16315869,1.0,16315869
192,PIK3CA,"AMPLIFICATION, SOMATIC","4.9013845356499375e-54, 4.6307549428396854e-18","0.0116086711831392, 0.0","11358835, 11836556, 11959846, 14581353, 15543611, 15586224, 15700036, 16380997, 16676365, 16807070, 16815198, 17549376, 17848307, 17989125, 17990317, 18376308, 18447972",17.0,KRAS,True,"14581353, 16357156, 17097223, 17693665, 18376308",5.0,"14581353, 16357156, 17097223, 17693665, 18376308"
199,PIK3CA,"AMPLIFICATION, SOMATIC","4.9013845356499375e-54, 4.6307549428396854e-18","0.0116086711831392, 0.0","11358835, 11836556, 11959846, 14581353, 15543611, 15586224, 15700036, 16380997, 16676365, 16807070, 16815198, 17549376, 17848307, 17989125, 17990317, 18376308, 18447972",17.0,ILK,True,"16093430, 16836071",2.0,"16093430, 16836071"
201,PIK3CA,"AMPLIFICATION, SOMATIC","4.9013845356499375e-54, 4.6307549428396854e-18","0.0116086711831392, 0.0","11358835, 11836556, 11959846, 14581353, 15543611, 15586224, 15700036, 16380997, 16676365, 16807070, 16815198, 17549376, 17848307, 17989125, 17990317, 18376308, 18447972",17.0,EGFR,True,"11173137, 11221831, 11235991, 11303632, 11350885, 11389080, 11448349, 11479234, 11556855, 11568571, 11597399, 11597400, 11668514, 11673692, 11673832, 11677653, 11706397, 11706420, 11727507, 11728233, 11751491, 11755824, 11846729, 11890870, 11893453, 11895923, 11904986, 11905034, 11911252, 11920518, 11939730, 11992543, 12011992, 12063543, 12112535, 12138239, 12142091, 12147092, 12167415, 12174340, 12187077, 12202783, 12220351, 12228201, 12414665, 12415634, 12422310, 12422313, 12440226, 12509799, 12512382, 12515612, 12520461, 12541404, 12544258, 12583831, 12587379, 12599217, 12607604, 12647989, 12673202, 12696248, 12738995, 12743152, 12782602, 12782800, 12820779, 12826036, 12833132, 12860957, 12865874, 12912971, 12952019, 12966511, 13129707, 13679857, 14500405, 14519647, 14528090, 14530163, 14581353, 14581378, 14601066, 14603452, 14607328, 14612544, 14649542, 14662414, 14732836, 14751528, 14763138, 14967456, 14967457, 14967462, 14977086, 14981927, 14988746, 14997212, 15057134, 15103197, 15115300, 15120370, 15142631, 15161032, 15173005, 15194221, 15197768, 15199094, 15208356, 15212612, 15231207, 15238978, 15254682, 15256466, 15338866, 15450723, 15473298, 15476268, 15520175, 15520205, 15592685, 15599851, 15608420, 15613446, 15623643, 15638964, 15652339, 15659782, 15672286, 15717992, 15736426, 15753456, 15756022, 15774576, 15785737, 15791567, 15796181, 15800944, 15804620, 15809707, 15816106, 15821783, 15827337, 15833860, 15865067, 15871288, 15878750, 15878755, 15887238, 15923166, 15930290, 15934280, 15986037, 15987992, 16004931, 16005600, 16007067, 16050785, 16082192, 16088519, 16103303, 16140980, 16144930, 16158919, 16161046, 16183941, 16198049, 16207530, 16258434, 16264262, 16273222, 16287490, 16314626, 16330971, 16343364, 16357156, 16428508, 16472704, 16488438, 16495180, 16540898, 16551906, 16552236, 16562649, 16565089, 16630292, 16641105, 16644882, 16702519, 16722544, 16731604, 16737616, 16740767, 16750322, 16757203, 16763281, 16788977, 16807070, 16818711, 16857823, 16890793, 16904111, 16919867, 16922611, 16984384, 16986486, 17078054, 17079462, 17096332, 17098420, 17121916, 17122988, 17134359, 17141073, 17143494, 17178880, 17189989, 17200208, 17205528, 17208308, 17211865, 17224925, 17236202, 17250463, 17258495, 17273794, 17310348, 17369752, 17404024, 17410004, 17412519, 17431103, 17487368, 17520580, 17520766, 17538163, 17591829, 17591832, 17592548, 17608727, 17609492, 17618045, 17631646, 17638894, 17653341, 17660872, 17671674, 17674766, 17685120, 17697551, 17723181, 17762933, 17826531, 17848272, 17848290, 17877424, 17878104, 17888033, 17904355, 17909831, 17936670, 17936675, 17940077, 17940507, 17949783, 17956162, 17961551, 17964995, 17974918, 17996216, 18025070, 18045070, 18045071, 18061531, 18172732, 18199957, 18202792, 18203445, 18225590, 18236164, 18248834, 18268492, 18302259, 18307254, 18309947, 18316548, 18326051, 18329328, 18366301, 18369180, 18377832, 18383530, 18413807, 18442098, 18636200, 18645125",296.0,"11173137, 11221831, 11235991, 11303632, 11350885, 11389080, 11448349, 11479234, 11556855, 11568571, 11597399, 11597400, 11668514, 11673692, 11673832, 11677653, 11706397, 11706420, 11727507, 11728233, 11751491, 11755824, 11846729, 11890870, 11893453, 11895923, 11904986, 11905034, 11911252, 11920518, 11939730, 11992543, 12011992, 12063543, 12112535, 12138239, 12142091, 12147092, 12167415, 12174340, 12187077, 12202783, 12220351, 12228201, 12414665, 12415634, 12422310, 12422313, 12440226, 12509799, 12512382, 12515612, 12520461, 12541404, 12544258, 12583831, 12587379, 12599217, 12607604, 12647989, 12673202, 12696248, 12738995, 12743152, 12782602, 12782800, 12820779, 12826036, 12833132, 12860957, 12865874, 12912971, 12952019, 12966511, 13129707, 13679857, 14500405, 14519647, 14528090, 14530163, 14581353, 14581378, 14601066, 14603452, 14607328, 14612544, 14649542, 14662414, 14732836, 14751528, 14763138, 14967456, 14967457, 14967462, 14977086, 14981927, 14988746, 14997212, 15057134, 15103197, 15115300, 15120370, 15142631, 15161032, 15173005, 15194221, 15197768, 15199094, 15208356, 15212612, 15231207, 15238978, 15254682, 15256466, 15338866, 15450723, 15473298, 15476268, 15520175, 15520205, 15592685, 15599851, 15608420, 15613446, 15623643, 15638964, 15652339, 15659782, 15672286, 15717992, 15736426, 15753456, 15756022, 15774576, 15785737, 15791567, 15796181, 15800944, 15804620, 15809707, 15816106, 15821783, 15827337, 15833860, 15865067, 15871288, 15878750, 15878755, 15887238, 15923166, 15930290, 15934280, 15986037, 15987992, 16004931, 16005600, 16007067, 16050785, 16082192, 16088519, 16103303, 16140980, 16144930, 16158919, 16161046, 16183941, 16198049, 16207530, 16258434, 16264262, 16273222, 16287490, 16314626, 16330971, 16343364, 16357156, 16428508, 16472704, 16488438, 16495180, 16540898, 16551906, 16552236, 16562649, 16565089, 16630292, 16641105, 16644882, 16702519, 16722544, 16731604, 16737616, 16740767, 16750322, 16757203, 16763281, 16788977, 16807070, 16818711, 16857823, 16890793, 16904111, 16919867, 16922611, 16984384, 16986486, 17078054, 17079462, 17096332, 17098420, 17121916, 17122988, 17134359, 17141073, 17143494, 17178880, 17189989, 17200208, 17205528, 17208308, 17211865, 17224925, 17236202, 17250463, 17258495, 17273794, 17310348, 17369752, 17404024, 17410004, 17412519, 17431103, 17487368, 17520580, 17520766, 17538163, 17591829, 17591832, 17592548, 17608727, 17609492, 17618045, 17631646, 17638894, 17653341, 17660872, 17671674, 17674766, 17685120, 17697551, 17723181, 17762933, 17826531, 17848272, 17848290, 17877424, 17878104, 17888033, 17904355, 17909831, 17936670, 17936675, 17940077, 17940507, 17949783, 17956162, 17961551, 17964995, 17974918, 17996216, 18025070, 18045070, 18045071, 18061531, 18172732, 18199957, 18202792, 18203445, 18225590, 18236164, 18248834, 18268492, 18302259, 18307254, 18309947, 18316548, 18326051, 18329328, 18366301, 18369180, 18377832, 18383530, 18413807, 18442098, 18636200, 18645125"
202,PIK3CA,"AMPLIFICATION, SOMATIC","4.9013845356499375e-54, 4.6307549428396854e-18","0.0116086711831392, 0.0","11358835, 11836556, 11959846, 14581353, 15543611, 15586224, 15700036, 16380997, 16676365, 16807070, 16815198, 17549376, 17848307, 17989125, 17990317, 18376308, 18447972",17.0,CD19,True,"11316463, 15553050, 16757432, 17210522",4.0,"11316463, 15553050, 16757432, 17210522"
203,PIK3CA,"AMPLIFICATION, SOMATIC","4.9013845356499375e-54, 4.6307549428396854e-18","0.0116086711831392, 0.0","11358835, 11836556, 11959846, 14581353, 15543611, 15586224, 15700036, 16380997, 16676365, 16807070, 16815198, 17549376, 17848307, 17989125, 17990317, 18376308, 18447972",17.0,JAK3,True,18204781,1.0,18204781
205,PIK3CA,"AMPLIFICATION, SOMATIC","4.9013845356499375e-54, 4.6307549428396854e-18","0.0116086711831392, 0.0","11358835, 11836556, 11959846, 14581353, 15543611, 15586224, 15700036, 16380997, 16676365, 16807070, 16815198, 17549376, 17848307, 17989125, 17990317, 18376308, 18447972",17.0,HCK,True,16224162,1.0,16224162
209,PIK3CA,"AMPLIFICATION, SOMATIC","4.9013845356499375e-54, 4.6307549428396854e-18","0.0116086711831392, 0.0","11358835, 11836556, 11959846, 14581353, 15543611, 15586224, 15700036, 16380997, 16676365, 16807070, 16815198, 17549376, 17848307, 17989125, 17990317, 18376308, 18447972",17.0,MLH1,True,"12632081, 14555508, 14767526, 15083191, 15300854, 15452164, 15676154, 15931783, 16231369, 16827152, 16899597",11.0,"12632081, 14555508, 14767526, 15083191, 15300854, 15452164, 15676154, 15931783, 16231369, 16827152, 16899597"
210,PIK3CA,"AMPLIFICATION, SOMATIC","4.9013845356499375e-54, 4.6307549428396854e-18","0.0116086711831392, 0.0","11358835, 11836556, 11959846, 14581353, 15543611, 15586224, 15700036, 16380997, 16676365, 16807070, 16815198, 17549376, 17848307, 17989125, 17990317, 18376308, 18447972",17.0,MET,True,"11289733, 11705871, 11705871, 11752453, 11911252, 14991901, 15319714, 15735049, 17075124, 17435680, 17684930, 18349821",11.0,"11289733, 11705871, 11705871, 11752453, 11911252, 14991901, 15319714, 15735049, 17075124, 17435680, 17684930, 18349821"
214,PIK3CA,"AMPLIFICATION, SOMATIC","4.9013845356499375e-54, 4.6307549428396854e-18","0.0116086711831392, 0.0","11358835, 11836556, 11959846, 14581353, 15543611, 15586224, 15700036, 16380997, 16676365, 16807070, 16815198, 17549376, 17848307, 17989125, 17990317, 18376308, 18447972",17.0,STAT3,True,"11222718, 11426647, 11773428, 12067972, 12162406, 12440226, 12440226, 12532415, 12637586, 12640143, 12782602, 12865943, 12960141, 12963127, 15173005, 15254691, 15374974, 15498875, 15592503, 15613280, 15715937, 15947106, 16158919, 16490172, 16503733, 16642480, 17020778, 17122156, 17145757, 17225522, 17325127, 17498291, 17525119, 17566705, 17634553, 17761947, 17822622, 17826306, 17961551, 18172861, 18204781, 18326051",41.0,"11222718, 11426647, 11773428, 12067972, 12162406, 12440226, 12440226, 12532415, 12637586, 12640143, 12782602, 12865943, 12960141, 12963127, 15173005, 15254691, 15374974, 15498875, 15592503, 15613280, 15715937, 15947106, 16158919, 16490172, 16503733, 16642480, 17020778, 17122156, 17145757, 17225522, 17325127, 17498291, 17525119, 17566705, 17634553, 17761947, 17822622, 17826306, 17961551, 18172861, 18204781, 18326051"
216,PIK3CA,"AMPLIFICATION, SOMATIC","4.9013845356499375e-54, 4.6307549428396854e-18","0.0116086711831392, 0.0","11358835, 11836556, 11959846, 14581353, 15543611, 15586224, 15700036, 16380997, 16676365, 16807070, 16815198, 17549376, 17848307, 17989125, 17990317, 18376308, 18447972",17.0,NTRK3,True,11279608,1.0,11279608
221,PIK3CA,"AMPLIFICATION, SOMATIC","4.9013845356499375e-54, 4.6307549428396854e-18","0.0116086711831392, 0.0","11358835, 11836556, 11959846, 14581353, 15543611, 15586224, 15700036, 16380997, 16676365, 16807070, 16815198, 17549376, 17848307, 17989125, 17990317, 18376308, 18447972",17.0,NRAS,True,16369533,1.0,16369533
225,PIK3CA,"AMPLIFICATION, SOMATIC","4.9013845356499375e-54, 4.6307549428396854e-18","0.0116086711831392, 0.0","11358835, 11836556, 11959846, 14581353, 15543611, 15586224, 15700036, 16380997, 16676365, 16807070, 16815198, 17549376, 17848307, 17989125, 17990317, 18376308, 18447972",17.0,TRAF2,True,"15226608, 16953224",2.0,"15226608, 16953224"
226,PIK3CA,"AMPLIFICATION, SOMATIC","4.9013845356499375e-54, 4.6307549428396854e-18","0.0116086711831392, 0.0","11358835, 11836556, 11959846, 14581353, 15543611, 15586224, 15700036, 16380997, 16676365, 16807070, 16815198, 17549376, 17848307, 17989125, 17990317, 18376308, 18447972",17.0,SMAD4,True,"12060625, 12209716, 12952364, 15546158, 15610403, 15867212, 15940269, 16368780, 16478646, 16596245, 17018615, 17023741",12.0,"12060625, 12209716, 12952364, 15546158, 15610403, 15867212, 15940269, 16368780, 16478646, 16596245, 17018615, 17023741"
233,PIK3CA,"AMPLIFICATION, SOMATIC","4.9013845356499375e-54, 4.6307549428396854e-18","0.0116086711831392, 0.0","11358835, 11836556, 11959846, 14581353, 15543611, 15586224, 15700036, 16380997, 16676365, 16807070, 16815198, 17549376, 17848307, 17989125, 17990317, 18376308, 18447972",17.0,BAG4,True,16164832,1.0,16164832
234,PIK3CA,"AMPLIFICATION, SOMATIC","4.9013845356499375e-54, 4.6307549428396854e-18","0.0116086711831392, 0.0","11358835, 11836556, 11959846, 14581353, 15543611, 15586224, 15700036, 16380997, 16676365, 16807070, 16815198, 17549376, 17848307, 17989125, 17990317, 18376308, 18447972",17.0,IGF1R,True,15221937,1.0,15221937
235,PIK3CA,"AMPLIFICATION, SOMATIC","4.9013845356499375e-54, 4.6307549428396854e-18","0.0116086711831392, 0.0","11358835, 11836556, 11959846, 14581353, 15543611, 15586224, 15700036, 16380997, 16676365, 16807070, 16815198, 17549376, 17848307, 17989125, 17990317, 18376308, 18447972",17.0,PDGFA,True,16103054,1.0,16103054
237,PIK3CA,"AMPLIFICATION, SOMATIC","4.9013845356499375e-54, 4.6307549428396854e-18","0.0116086711831392, 0.0","11358835, 11836556, 11959846, 14581353, 15543611, 15586224, 15700036, 16380997, 16676365, 16807070, 16815198, 17549376, 17848307, 17989125, 17990317, 18376308, 18447972",17.0,CDKN2A,True,"11309301, 11720478, 12459644, 12632081, 12684406, 14586645, 14654786, 14991744, 15083191, 15495191, 16278815, 16713672, 16849682, 17079134, 17117177, 18413807",16.0,"11309301, 11720478, 12459644, 12632081, 12684406, 14586645, 14654786, 14991744, 15083191, 15495191, 16278815, 16713672, 16849682, 17079134, 17117177, 18413807"
240,PIK3CA,"AMPLIFICATION, SOMATIC","4.9013845356499375e-54, 4.6307549428396854e-18","0.0116086711831392, 0.0","11358835, 11836556, 11959846, 14581353, 15543611, 15586224, 15700036, 16380997, 16676365, 16807070, 16815198, 17549376, 17848307, 17989125, 17990317, 18376308, 18447972",17.0,FGFR1,True,"11562460, 15165306, 16807070, 17545628, 18059337",5.0,"11562460, 15165306, 16807070, 17545628, 18059337"
242,PIK3CA,"AMPLIFICATION, SOMATIC","4.9013845356499375e-54, 4.6307549428396854e-18","0.0116086711831392, 0.0","11358835, 11836556, 11959846, 14581353, 15543611, 15586224, 15700036, 16380997, 16676365, 16807070, 16815198, 17549376, 17848307, 17989125, 17990317, 18376308, 18447972",17.0,CDK4,True,"11180160, 11564579, 11854069, 12212108, 12429646, 12447651, 12539309, 12747978, 16027075, 16248248, 17139501, 17340131, 17477349, 17487385",14.0,"11180160, 11564579, 11854069, 12212108, 12429646, 12447651, 12539309, 12747978, 16027075, 16248248, 17139501, 17340131, 17477349, 17487385"
243,PIK3CA,"AMPLIFICATION, SOMATIC","4.9013845356499375e-54, 4.6307549428396854e-18","0.0116086711831392, 0.0","11358835, 11836556, 11959846, 14581353, 15543611, 15586224, 15700036, 16380997, 16676365, 16807070, 16815198, 17549376, 17848307, 17989125, 17990317, 18376308, 18447972",17.0,CD28,True,12599287,1.0,12599287
251,PIK3CA,"AMPLIFICATION, SOMATIC","4.9013845356499375e-54, 4.6307549428396854e-18","0.0116086711831392, 0.0","11358835, 11836556, 11959846, 14581353, 15543611, 15586224, 15700036, 16380997, 16676365, 16807070, 16815198, 17549376, 17848307, 17989125, 17990317, 18376308, 18447972",17.0,HRAS,True,16676365,1.0,16676365
255,PIK3CA,"AMPLIFICATION, SOMATIC","4.9013845356499375e-54, 4.6307549428396854e-18","0.0116086711831392, 0.0","11358835, 11836556, 11959846, 14581353, 15543611, 15586224, 15700036, 16380997, 16676365, 16807070, 16815198, 17549376, 17848307, 17989125, 17990317, 18376308, 18447972",17.0,PRKCI,True,17990328,1.0,17990328
258,PIK3CA,"AMPLIFICATION, SOMATIC","4.9013845356499375e-54, 4.6307549428396854e-18","0.0116086711831392, 0.0","11358835, 11836556, 11959846, 14581353, 15543611, 15586224, 15700036, 16380997, 16676365, 16807070, 16815198, 17549376, 17848307, 17989125, 17990317, 18376308, 18447972",17.0,BRCA2,True,"11807777, 14574011, 14647419, 14689060, 15107617, 15300854, 16466850, 16623759, 17724471",9.0,"11807777, 14574011, 14647419, 14689060, 15107617, 15300854, 16466850, 16623759, 17724471"
260,PIK3CA,"AMPLIFICATION, SOMATIC","4.9013845356499375e-54, 4.6307549428396854e-18","0.0116086711831392, 0.0","11358835, 11836556, 11959846, 14581353, 15543611, 15586224, 15700036, 16380997, 16676365, 16807070, 16815198, 17549376, 17848307, 17989125, 17990317, 18376308, 18447972",17.0,TP53,True,"11390535, 11445847, 11445859, 11916556, 12589859, 12673364, 12673679, 12702551, 12708486, 12935924, 14689060, 15240783, 15810068, 15965904, 16012721, 16393249, 16455286, 16682429, 16713672, 16847809, 16903330, 16969480, 17258495, 17312781, 17565818, 17638058, 17693665, 17725429, 17908957",29.0,"11390535, 11445847, 11445859, 11916556, 12589859, 12673364, 12673679, 12702551, 12708486, 12935924, 14689060, 15240783, 15810068, 15965904, 16012721, 16393249, 16455286, 16682429, 16713672, 16847809, 16903330, 16969480, 17258495, 17312781, 17565818, 17638058, 17693665, 17725429, 17908957"
262,PIK3CA,"AMPLIFICATION, SOMATIC","4.9013845356499375e-54, 4.6307549428396854e-18","0.0116086711831392, 0.0","11358835, 11836556, 11959846, 14581353, 15543611, 15586224, 15700036, 16380997, 16676365, 16807070, 16815198, 17549376, 17848307, 17989125, 17990317, 18376308, 18447972",17.0,NOTCH1,True,"12539049, 16219138",2.0,"12539049, 16219138"
263,PIK3CA,"AMPLIFICATION, SOMATIC","4.9013845356499375e-54, 4.6307549428396854e-18","0.0116086711831392, 0.0","11358835, 11836556, 11959846, 14581353, 15543611, 15586224, 15700036, 16380997, 16676365, 16807070, 16815198, 17549376, 17848307, 17989125, 17990317, 18376308, 18447972",17.0,STAT1,True,"11222718, 12162406, 12963127, 15947106, 16249117, 16449678, 17961551, 18347248",8.0,"11222718, 12162406, 12963127, 15947106, 16249117, 16449678, 17961551, 18347248"
273,PIK3CA,"AMPLIFICATION, SOMATIC","4.9013845356499375e-54, 4.6307549428396854e-18","0.0116086711831392, 0.0","11358835, 11836556, 11959846, 14581353, 15543611, 15586224, 15700036, 16380997, 16676365, 16807070, 16815198, 17549376, 17848307, 17989125, 17990317, 18376308, 18447972",17.0,THRB,True,17210745,1.0,17210745
283,PIK3CA,"AMPLIFICATION, SOMATIC","4.9013845356499375e-54, 4.6307549428396854e-18","0.0116086711831392, 0.0","11358835, 11836556, 11959846, 14581353, 15543611, 15586224, 15700036, 16380997, 16676365, 16807070, 16815198, 17549376, 17848307, 17989125, 17990317, 18376308, 18447972",17.0,NF1,True,"15947106, 15947937, 15988378, 17427103, 17879040, 18329107",6.0,"15947106, 15947937, 15988378, 17427103, 17879040, 18329107"
286,PIK3CA,"AMPLIFICATION, SOMATIC","4.9013845356499375e-54, 4.6307549428396854e-18","0.0116086711831392, 0.0","11358835, 11836556, 11959846, 14581353, 15543611, 15586224, 15700036, 16380997, 16676365, 16807070, 16815198, 17549376, 17848307, 17989125, 17990317, 18376308, 18447972",17.0,CTNNB1,True,"15195113, 16001430, 17131411, 18044981",4.0,"15195113, 16001430, 17131411, 18044981"
290,PIK3CA,"AMPLIFICATION, SOMATIC","4.9013845356499375e-54, 4.6307549428396854e-18","0.0116086711831392, 0.0","11358835, 11836556, 11959846, 14581353, 15543611, 15586224, 15700036, 16380997, 16676365, 16807070, 16815198, 17549376, 17848307, 17989125, 17990317, 18376308, 18447972",17.0,BRAF,True,"12670889, 12907632, 14508525, 15161700, 15195111, 15613458, 15630448, 15681856, 15761501, 15947100, 16254036, 16402937, 16434896, 16444351, 16533790, 16555619, 16728576, 16818623, 16906516, 16932252, 16946010, 17097223, 17131411, 17179987, 17435680, 17525478, 17545628, 17575107, 17638058, 17684930, 17725429, 17786355, 17891234, 17891251, 17968324, 17989125, 18043251, 18251569, 18376308, 18437172",40.0,"12670889, 12907632, 14508525, 15161700, 15195111, 15613458, 15630448, 15681856, 15761501, 15947100, 16254036, 16402937, 16434896, 16444351, 16533790, 16555619, 16728576, 16818623, 16906516, 16932252, 16946010, 17097223, 17131411, 17179987, 17435680, 17525478, 17545628, 17575107, 17638058, 17684930, 17725429, 17786355, 17891234, 17891251, 17968324, 17989125, 18043251, 18251569, 18376308, 18437172"
291,PIK3CA,"AMPLIFICATION, SOMATIC","4.9013845356499375e-54, 4.6307549428396854e-18","0.0116086711831392, 0.0","11358835, 11836556, 11959846, 14581353, 15543611, 15586224, 15700036, 16380997, 16676365, 16807070, 16815198, 17549376, 17848307, 17989125, 17990317, 18376308, 18447972",17.0,NGFR,True,16625082,1.0,16625082
292,PIK3CA,"AMPLIFICATION, SOMATIC","4.9013845356499375e-54, 4.6307549428396854e-18","0.0116086711831392, 0.0","11358835, 11836556, 11959846, 14581353, 15543611, 15586224, 15700036, 16380997, 16676365, 16807070, 16815198, 17549376, 17848307, 17989125, 17990317, 18376308, 18447972",17.0,EGF,True,"11147596, 11288981, 11745457, 12013556, 15802876, 17453000, 17524637, 17587817, 17611340, 18180893",10.0,"11147596, 11288981, 11745457, 12013556, 15802876, 17453000, 17524637, 17587817, 17611340, 18180893"
293,PIK3CA,"AMPLIFICATION, SOMATIC","4.9013845356499375e-54, 4.6307549428396854e-18","0.0116086711831392, 0.0","11358835, 11836556, 11959846, 14581353, 15543611, 15586224, 15700036, 16380997, 16676365, 16807070, 16815198, 17549376, 17848307, 17989125, 17990317, 18376308, 18447972",17.0,MYC,True,"11368094, 11911252, 14499691, 16807070, 18000363",5.0,"11368094, 11911252, 14499691, 16807070, 18000363"
299,PIK3CA,"AMPLIFICATION, SOMATIC","4.9013845356499375e-54, 4.6307549428396854e-18","0.0116086711831392, 0.0","11358835, 11836556, 11959846, 14581353, 15543611, 15586224, 15700036, 16380997, 16676365, 16807070, 16815198, 17549376, 17848307, 17989125, 17990317, 18376308, 18447972",17.0,RHOA,True,"12082550, 16369533, 17234718",3.0,"12082550, 16369533, 17234718"
302,PIK3CA,"AMPLIFICATION, SOMATIC","4.9013845356499375e-54, 4.6307549428396854e-18","0.0116086711831392, 0.0","11358835, 11836556, 11959846, 14581353, 15543611, 15586224, 15700036, 16380997, 16676365, 16807070, 16815198, 17549376, 17848307, 17989125, 17990317, 18376308, 18447972",17.0,KIT,True,"16342249, 16630292, 16757203, 17253141, 17317803, 17513510, 17935283",7.0,"16342249, 16630292, 16757203, 17253141, 17317803, 17513510, 17935283"
303,PIK3CA,"AMPLIFICATION, SOMATIC","4.9013845356499375e-54, 4.6307549428396854e-18","0.0116086711831392, 0.0","11358835, 11836556, 11959846, 14581353, 15543611, 15586224, 15700036, 16380997, 16676365, 16807070, 16815198, 17549376, 17848307, 17989125, 17990317, 18376308, 18447972",17.0,ESR1,True,11309301,1.0,11309301
307,PIK3CA,"AMPLIFICATION, SOMATIC","4.9013845356499375e-54, 4.6307549428396854e-18","0.0116086711831392, 0.0","11358835, 11836556, 11959846, 14581353, 15543611, 15586224, 15700036, 16380997, 16676365, 16807070, 16815198, 17549376, 17848307, 17989125, 17990317, 18376308, 18447972",17.0,SRC,True,17961551,1.0,17961551
308,PIK3CA,"AMPLIFICATION, SOMATIC","4.9013845356499375e-54, 4.6307549428396854e-18","0.0116086711831392, 0.0","11358835, 11836556, 11959846, 14581353, 15543611, 15586224, 15700036, 16380997, 16676365, 16807070, 16815198, 17549376, 17848307, 17989125, 17990317, 18376308, 18447972",17.0,ERBB3,True,"15021776, 15476268, 15800944, 16818711, 17200208, 17704947, 17969526, 18199957, 18225590",9.0,"15021776, 15476268, 15800944, 16818711, 17200208, 17704947, 17969526, 18199957, 18225590"
313,PIK3CA,"AMPLIFICATION, SOMATIC","4.9013845356499375e-54, 4.6307549428396854e-18","0.0116086711831392, 0.0","11358835, 11836556, 11959846, 14581353, 15543611, 15586224, 15700036, 16380997, 16676365, 16807070, 16815198, 17549376, 17848307, 17989125, 17990317, 18376308, 18447972",17.0,CCND1,True,"11470749, 11859213, 11958128, 12649172, 14499691, 14581353, 14586645, 14603450, 14697637, 15195525, 15846092, 16001430, 16235239, 16446704, 16446704, 16490596, 16807070, 16815198, 16906560, 16954163, 17065789, 17487429, 17641416, 18251939, 18398822, 18405350",25.0,"11470749, 11859213, 11958128, 12649172, 14499691, 14581353, 14586645, 14603450, 14697637, 15195525, 15846092, 16001430, 16235239, 16446704, 16446704, 16490596, 16807070, 16815198, 16906560, 16954163, 17065789, 17487429, 17641416, 18251939, 18398822, 18405350"
314,PIK3CA,"AMPLIFICATION, SOMATIC","4.9013845356499375e-54, 4.6307549428396854e-18","0.0116086711831392, 0.0","11358835, 11836556, 11959846, 14581353, 15543611, 15586224, 15700036, 16380997, 16676365, 16807070, 16815198, 17549376, 17848307, 17989125, 17990317, 18376308, 18447972",17.0,PMS2,True,"15887124, 16827152",2.0,"15887124, 16827152"
315,PIK3CA,"AMPLIFICATION, SOMATIC","4.9013845356499375e-54, 4.6307549428396854e-18","0.0116086711831392, 0.0","11358835, 11836556, 11959846, 14581353, 15543611, 15586224, 15700036, 16380997, 16676365, 16807070, 16815198, 17549376, 17848307, 17989125, 17990317, 18376308, 18447972",17.0,RAC1,True,"17234718, 17592548",2.0,"17234718, 17592548"
319,PIK3CA,"AMPLIFICATION, SOMATIC","4.9013845356499375e-54, 4.6307549428396854e-18","0.0116086711831392, 0.0","11358835, 11836556, 11959846, 14581353, 15543611, 15586224, 15700036, 16380997, 16676365, 16807070, 16815198, 17549376, 17848307, 17989125, 17990317, 18376308, 18447972",17.0,BRCA1,True,"11807777, 12810651, 14574011, 14647419, 14689060, 15105900, 15300854, 16466850, 17321670, 18325101",10.0,"11807777, 12810651, 14574011, 14647419, 14689060, 15105900, 15300854, 16466850, 17321670, 18325101"
321,PIK3CA,"AMPLIFICATION, SOMATIC","4.9013845356499375e-54, 4.6307549428396854e-18","0.0116086711831392, 0.0","11358835, 11836556, 11959846, 14581353, 15543611, 15586224, 15700036, 16380997, 16676365, 16807070, 16815198, 17549376, 17848307, 17989125, 17990317, 18376308, 18447972",17.0,SNX9,True,12899714,1.0,12899714
324,PIK3CA,"AMPLIFICATION, SOMATIC","4.9013845356499375e-54, 4.6307549428396854e-18","0.0116086711831392, 0.0","11358835, 11836556, 11959846, 14581353, 15543611, 15586224, 15700036, 16380997, 16676365, 16807070, 16815198, 17549376, 17848307, 17989125, 17990317, 18376308, 18447972",17.0,AKT1,True,"12532415, 14581353, 15896313, 16002527, 16778075, 17974918",6.0,"12532415, 14581353, 15896313, 16002527, 16778075, 17974918"
332,RFC4,AMPLIFICATION,4.9013845356499375e-54,0.0116086711831392,16467079,1.0,MCM7,True,"14676830, 15899946, 16547620, 16959885",4.0,"14676830, 15899946, 16547620, 16959885"
333,RFC4,AMPLIFICATION,4.9013845356499375e-54,0.0116086711831392,16467079,1.0,PCNA,True,"11070693, 11173150, 11263155, 11377235, 11379319, 11705871, 11706420, 11774658, 11834097, 11854069, 11870663, 12017338, 12201000, 12378803, 12508343, 12520353, 12526226, 12539461, 12658732, 12760773, 12854173, 12930601, 14566835, 14578940, 14666613, 14989875, 15039910, 15287541, 15308260, 15354413, 15510736, 15566678, 15772596, 15844604, 15960160, 15991276, 16023739, 16129653, 16254112, 16355395, 16564385, 16613343, 16757203, 16931115, 17120615, 17143433, 17285972, 17542411, 17709606, 17879533, 18075740",51.0,"11070693, 11173150, 11263155, 11377235, 11379319, 11705871, 11706420, 11774658, 11834097, 11854069, 11870663, 12017338, 12201000, 12378803, 12508343, 12520353, 12526226, 12539461, 12658732, 12760773, 12854173, 12930601, 14566835, 14578940, 14666613, 14989875, 15039910, 15287541, 15308260, 15354413, 15510736, 15566678, 15772596, 15844604, 15960160, 15991276, 16023739, 16129653, 16254112, 16355395, 16564385, 16613343, 16757203, 16931115, 17120615, 17143433, 17285972, 17542411, 17709606, 17879533, 18075740"
335,RFC4,AMPLIFICATION,4.9013845356499375e-54,0.0116086711831392,16467079,1.0,MSH6,True,15452164,1.0,15452164
338,RFC4,AMPLIFICATION,4.9013845356499375e-54,0.0116086711831392,16467079,1.0,BLM,True,12907210,1.0,12907210
341,RFC4,AMPLIFICATION,4.9013845356499375e-54,0.0116086711831392,16467079,1.0,MCM5,True,"11839717, 15899946, 16547620",3.0,"11839717, 15899946, 16547620"
346,RFC4,AMPLIFICATION,4.9013845356499375e-54,0.0116086711831392,16467079,1.0,CDC20,True,"16777988, 17959302",2.0,"16777988, 17959302"
350,RFC4,AMPLIFICATION,4.9013845356499375e-54,0.0116086711831392,16467079,1.0,BUB1,True,"11940046, 11981026, 12375025, 15013707, 16107724, 16513838",6.0,"11940046, 11981026, 12375025, 15013707, 16107724, 16513838"
354,RFC4,AMPLIFICATION,4.9013845356499375e-54,0.0116086711831392,16467079,1.0,MLH1,True,"12632081, 14555508, 14767526, 15083191, 15300854, 15452164, 15676154, 15931783, 16231369, 16827152, 16899597",11.0,"12632081, 14555508, 14767526, 15083191, 15300854, 15452164, 15676154, 15931783, 16231369, 16827152, 16899597"
358,RFC4,AMPLIFICATION,4.9013845356499375e-54,0.0116086711831392,16467079,1.0,CDC7,True,"16467079, 16676402",2.0,"16467079, 16676402"
360,RFC4,AMPLIFICATION,4.9013845356499375e-54,0.0116086711831392,16467079,1.0,ATM,True,"15221937, 16807070, 16888677, 17362036, 17492757, 17940507, 18224251, 18347248",8.0,"15221937, 16807070, 16888677, 17362036, 17492757, 17940507, 18224251, 18347248"
363,RFC4,AMPLIFICATION,4.9013845356499375e-54,0.0116086711831392,16467079,1.0,LIG1,True,17494052,1.0,17494052
365,RFC4,AMPLIFICATION,4.9013845356499375e-54,0.0116086711831392,16467079,1.0,ATR,True,17079472,1.0,17079472
384,RFC4,AMPLIFICATION,4.9013845356499375e-54,0.0116086711831392,16467079,1.0,MCM4,True,"16133572, 17222376",2.0,"16133572, 17222376"
386,RFC4,AMPLIFICATION,4.9013845356499375e-54,0.0116086711831392,16467079,1.0,RFC5,True,17079134,1.0,17079134
387,RFC4,AMPLIFICATION,4.9013845356499375e-54,0.0116086711831392,16467079,1.0,RPA2,True,"16467079, 17970065",2.0,"16467079, 17970065"
388,RFC4,AMPLIFICATION,4.9013845356499375e-54,0.0116086711831392,16467079,1.0,RAD51AP1,True,17079134,1.0,17079134
389,RFC4,AMPLIFICATION,4.9013845356499375e-54,0.0116086711831392,16467079,1.0,TOP2A,True,16849520,1.0,16849520
393,RFC4,AMPLIFICATION,4.9013845356499375e-54,0.0116086711831392,16467079,1.0,RAD51,True,"12810651, 17802824",2.0,"12810651, 17802824"
400,RFC4,AMPLIFICATION,4.9013845356499375e-54,0.0116086711831392,16467079,1.0,TYMS,True,"11756219, 15355913, 17638652",3.0,"11756219, 15355913, 17638652"
402,RFC4,AMPLIFICATION,4.9013845356499375e-54,0.0116086711831392,16467079,1.0,MCM2,True,"11839717, 11872961, 12855631, 12901728, 12949987, 15213307, 15648181, 16492917, 16722928, 17144524",10.0,"11839717, 11872961, 12855631, 12901728, 12949987, 15213307, 15648181, 16492917, 16722928, 17144524"
407,RFC4,AMPLIFICATION,4.9013845356499375e-54,0.0116086711831392,16467079,1.0,BIRC5,True,17187360,1.0,17187360
416,RFC4,AMPLIFICATION,4.9013845356499375e-54,0.0116086711831392,16467079,1.0,BRCA1,True,"11807777, 12810651, 14574011, 14647419, 14689060, 15105900, 15300854, 16466850, 17321670, 18325101",10.0,"11807777, 12810651, 14574011, 14647419, 14689060, 15105900, 15300854, 16466850, 17321670, 18325101"
417,RFC4,AMPLIFICATION,4.9013845356499375e-54,0.0116086711831392,16467079,1.0,MSH2,True,"13129885, 14752307, 15221937, 15452164, 15676154, 16231369, 16827152",7.0,"13129885, 14752307, 15221937, 15452164, 15676154, 16231369, 16827152"
418,RFC4,AMPLIFICATION,4.9013845356499375e-54,0.0116086711831392,16467079,1.0,CDK1,True,"11272092, 15645429, 16525614",3.0,"11272092, 15645429, 16525614"
421,RFC4,AMPLIFICATION,4.9013845356499375e-54,0.0116086711831392,16467079,1.0,CHEK1,True,16888677,1.0,16888677
424,SOX2,AMPLIFICATION,1.2920437544143294e-55,0.0116086711831392,15942670,1.0,CDX2,True,"12604886, 15252308, 16101223, 16172218, 16291394, 16618413, 17534889",7.0,"12604886, 15252308, 16101223, 16172218, 16291394, 16618413, 17534889"
431,SOX2,AMPLIFICATION,1.2920437544143294e-55,0.0116086711831392,15942670,1.0,PTEN,True,"11297621, 11401316, 11502798, 11735811, 11773428, 12047763, 12075083, 12119278, 12203792, 12224530, 12714585, 14574011, 15231710, 15543611, 15680400, 15684005, 15707585, 15800944, 15831044, 15911105, 15975525, 16075977, 16738322, 16889486, 16946009, 16964417, 17067457, 17283127, 17345711, 17898811, 17958724, 17970065, 18260377, 18281487",34.0,"11297621, 11401316, 11502798, 11735811, 11773428, 12047763, 12075083, 12119278, 12203792, 12224530, 12714585, 14574011, 15231710, 15543611, 15680400, 15684005, 15707585, 15800944, 15831044, 15911105, 15975525, 16075977, 16738322, 16889486, 16946009, 16964417, 17067457, 17283127, 17345711, 17898811, 17958724, 17970065, 18260377, 18281487"
434,SOX2,AMPLIFICATION,1.2920437544143294e-55,0.0116086711831392,15942670,1.0,HDAC1,True,12239610,1.0,12239610
435,SOX2,AMPLIFICATION,1.2920437544143294e-55,0.0116086711831392,15942670,1.0,SMAD2,True,"11410498, 12499250, 16407850, 16478646, 16596245, 16788944, 16837618, 17217620",8.0,"11410498, 12499250, 16407850, 16478646, 16596245, 16788944, 16837618, 17217620"
437,SOX2,AMPLIFICATION,1.2920437544143294e-55,0.0116086711831392,15942670,1.0,GAPDH,True,17540725,1.0,17540725
451,SOX2,AMPLIFICATION,1.2920437544143294e-55,0.0116086711831392,15942670,1.0,GATA4,True,14581353,1.0,14581353
456,SOX2,AMPLIFICATION,1.2920437544143294e-55,0.0116086711831392,15942670,1.0,YY1,True,15657896,1.0,15657896
461,SOX2,AMPLIFICATION,1.2920437544143294e-55,0.0116086711831392,15942670,1.0,GFAP,True,"11174597, 12457726, 15454011, 15960160, 16542673, 17074178",6.0,"11174597, 12457726, 15454011, 15960160, 16542673, 17074178"
463,SOX2,AMPLIFICATION,1.2920437544143294e-55,0.0116086711831392,15942670,1.0,BMP4,True,18219111,1.0,18219111
470,SOX2,AMPLIFICATION,1.2920437544143294e-55,0.0116086711831392,15942670,1.0,TCF4,True,11782388,1.0,11782388
473,SOX2,AMPLIFICATION,1.2920437544143294e-55,0.0116086711831392,15942670,1.0,GATA6,True,15833844,1.0,15833844
477,SOX2,AMPLIFICATION,1.2920437544143294e-55,0.0116086711831392,15942670,1.0,EGFR,True,"11173137, 11221831, 11235991, 11303632, 11350885, 11389080, 11448349, 11479234, 11556855, 11568571, 11597399, 11597400, 11668514, 11673692, 11673832, 11677653, 11706397, 11706420, 11727507, 11728233, 11751491, 11755824, 11846729, 11890870, 11893453, 11895923, 11904986, 11905034, 11911252, 11920518, 11939730, 11992543, 12011992, 12063543, 12112535, 12138239, 12142091, 12147092, 12167415, 12174340, 12187077, 12202783, 12220351, 12228201, 12414665, 12415634, 12422310, 12422313, 12440226, 12509799, 12512382, 12515612, 12520461, 12541404, 12544258, 12583831, 12587379, 12599217, 12607604, 12647989, 12673202, 12696248, 12738995, 12743152, 12782602, 12782800, 12820779, 12826036, 12833132, 12860957, 12865874, 12912971, 12952019, 12966511, 13129707, 13679857, 14500405, 14519647, 14528090, 14530163, 14581353, 14581378, 14601066, 14603452, 14607328, 14612544, 14649542, 14662414, 14732836, 14751528, 14763138, 14967456, 14967457, 14967462, 14977086, 14981927, 14988746, 14997212, 15057134, 15103197, 15115300, 15120370, 15142631, 15161032, 15173005, 15194221, 15197768, 15199094, 15208356, 15212612, 15231207, 15238978, 15254682, 15256466, 15338866, 15450723, 15473298, 15476268, 15520175, 15520205, 15592685, 15599851, 15608420, 15613446, 15623643, 15638964, 15652339, 15659782, 15672286, 15717992, 15736426, 15753456, 15756022, 15774576, 15785737, 15791567, 15796181, 15800944, 15804620, 15809707, 15816106, 15821783, 15827337, 15833860, 15865067, 15871288, 15878750, 15878755, 15887238, 15923166, 15930290, 15934280, 15986037, 15987992, 16004931, 16005600, 16007067, 16050785, 16082192, 16088519, 16103303, 16140980, 16144930, 16158919, 16161046, 16183941, 16198049, 16207530, 16258434, 16264262, 16273222, 16287490, 16314626, 16330971, 16343364, 16357156, 16428508, 16472704, 16488438, 16495180, 16540898, 16551906, 16552236, 16562649, 16565089, 16630292, 16641105, 16644882, 16702519, 16722544, 16731604, 16737616, 16740767, 16750322, 16757203, 16763281, 16788977, 16807070, 16818711, 16857823, 16890793, 16904111, 16919867, 16922611, 16984384, 16986486, 17078054, 17079462, 17096332, 17098420, 17121916, 17122988, 17134359, 17141073, 17143494, 17178880, 17189989, 17200208, 17205528, 17208308, 17211865, 17224925, 17236202, 17250463, 17258495, 17273794, 17310348, 17369752, 17404024, 17410004, 17412519, 17431103, 17487368, 17520580, 17520766, 17538163, 17591829, 17591832, 17592548, 17608727, 17609492, 17618045, 17631646, 17638894, 17653341, 17660872, 17671674, 17674766, 17685120, 17697551, 17723181, 17762933, 17826531, 17848272, 17848290, 17877424, 17878104, 17888033, 17904355, 17909831, 17936670, 17936675, 17940077, 17940507, 17949783, 17956162, 17961551, 17964995, 17974918, 17996216, 18025070, 18045070, 18045071, 18061531, 18172732, 18199957, 18202792, 18203445, 18225590, 18236164, 18248834, 18268492, 18302259, 18307254, 18309947, 18316548, 18326051, 18329328, 18366301, 18369180, 18377832, 18383530, 18413807, 18442098, 18636200, 18645125",296.0,"11173137, 11221831, 11235991, 11303632, 11350885, 11389080, 11448349, 11479234, 11556855, 11568571, 11597399, 11597400, 11668514, 11673692, 11673832, 11677653, 11706397, 11706420, 11727507, 11728233, 11751491, 11755824, 11846729, 11890870, 11893453, 11895923, 11904986, 11905034, 11911252, 11920518, 11939730, 11992543, 12011992, 12063543, 12112535, 12138239, 12142091, 12147092, 12167415, 12174340, 12187077, 12202783, 12220351, 12228201, 12414665, 12415634, 12422310, 12422313, 12440226, 12509799, 12512382, 12515612, 12520461, 12541404, 12544258, 12583831, 12587379, 12599217, 12607604, 12647989, 12673202, 12696248, 12738995, 12743152, 12782602, 12782800, 12820779, 12826036, 12833132, 12860957, 12865874, 12912971, 12952019, 12966511, 13129707, 13679857, 14500405, 14519647, 14528090, 14530163, 14581353, 14581378, 14601066, 14603452, 14607328, 14612544, 14649542, 14662414, 14732836, 14751528, 14763138, 14967456, 14967457, 14967462, 14977086, 14981927, 14988746, 14997212, 15057134, 15103197, 15115300, 15120370, 15142631, 15161032, 15173005, 15194221, 15197768, 15199094, 15208356, 15212612, 15231207, 15238978, 15254682, 15256466, 15338866, 15450723, 15473298, 15476268, 15520175, 15520205, 15592685, 15599851, 15608420, 15613446, 15623643, 15638964, 15652339, 15659782, 15672286, 15717992, 15736426, 15753456, 15756022, 15774576, 15785737, 15791567, 15796181, 15800944, 15804620, 15809707, 15816106, 15821783, 15827337, 15833860, 15865067, 15871288, 15878750, 15878755, 15887238, 15923166, 15930290, 15934280, 15986037, 15987992, 16004931, 16005600, 16007067, 16050785, 16082192, 16088519, 16103303, 16140980, 16144930, 16158919, 16161046, 16183941, 16198049, 16207530, 16258434, 16264262, 16273222, 16287490, 16314626, 16330971, 16343364, 16357156, 16428508, 16472704, 16488438, 16495180, 16540898, 16551906, 16552236, 16562649, 16565089, 16630292, 16641105, 16644882, 16702519, 16722544, 16731604, 16737616, 16740767, 16750322, 16757203, 16763281, 16788977, 16807070, 16818711, 16857823, 16890793, 16904111, 16919867, 16922611, 16984384, 16986486, 17078054, 17079462, 17096332, 17098420, 17121916, 17122988, 17134359, 17141073, 17143494, 17178880, 17189989, 17200208, 17205528, 17208308, 17211865, 17224925, 17236202, 17250463, 17258495, 17273794, 17310348, 17369752, 17404024, 17410004, 17412519, 17431103, 17487368, 17520580, 17520766, 17538163, 17591829, 17591832, 17592548, 17608727, 17609492, 17618045, 17631646, 17638894, 17653341, 17660872, 17671674, 17674766, 17685120, 17697551, 17723181, 17762933, 17826531, 17848272, 17848290, 17877424, 17878104, 17888033, 17904355, 17909831, 17936670, 17936675, 17940077, 17940507, 17949783, 17956162, 17961551, 17964995, 17974918, 17996216, 18025070, 18045070, 18045071, 18061531, 18172732, 18199957, 18202792, 18203445, 18225590, 18236164, 18248834, 18268492, 18302259, 18307254, 18309947, 18316548, 18326051, 18329328, 18366301, 18369180, 18377832, 18383530, 18413807, 18442098, 18636200, 18645125"
481,SOX2,AMPLIFICATION,1.2920437544143294e-55,0.0116086711831392,15942670,1.0,DNMT3B,True,"16434257, 17017004, 17067458, 17318376",4.0,"16434257, 17017004, 17067458, 17318376"
482,SOX2,AMPLIFICATION,1.2920437544143294e-55,0.0116086711831392,15942670,1.0,TERT,True,"15355904, 16278815, 17639052, 18367874",4.0,"15355904, 16278815, 17639052, 18367874"
486,SOX2,AMPLIFICATION,1.2920437544143294e-55,0.0116086711831392,15942670,1.0,LIF,True,"14656208, 15613280",2.0,"14656208, 15613280"
488,SOX2,AMPLIFICATION,1.2920437544143294e-55,0.0116086711831392,15942670,1.0,STAT3,True,"11222718, 11426647, 11773428, 12067972, 12162406, 12440226, 12440226, 12532415, 12637586, 12640143, 12782602, 12865943, 12960141, 12963127, 15173005, 15254691, 15374974, 15498875, 15592503, 15613280, 15715937, 15947106, 16158919, 16490172, 16503733, 16642480, 17020778, 17122156, 17145757, 17225522, 17325127, 17498291, 17525119, 17566705, 17634553, 17761947, 17822622, 17826306, 17961551, 18172861, 18204781, 18326051",41.0,"11222718, 11426647, 11773428, 12067972, 12162406, 12440226, 12440226, 12532415, 12637586, 12640143, 12782602, 12865943, 12960141, 12963127, 15173005, 15254691, 15374974, 15498875, 15592503, 15613280, 15715937, 15947106, 16158919, 16490172, 16503733, 16642480, 17020778, 17122156, 17145757, 17225522, 17325127, 17498291, 17525119, 17566705, 17634553, 17761947, 17822622, 17826306, 17961551, 18172861, 18204781, 18326051"
499,SOX2,AMPLIFICATION,1.2920437544143294e-55,0.0116086711831392,15942670,1.0,SNAI1,True,17724139,1.0,17724139
501,SOX2,AMPLIFICATION,1.2920437544143294e-55,0.0116086711831392,15942670,1.0,SMAD4,True,"12060625, 12209716, 12952364, 15546158, 15610403, 15867212, 15940269, 16368780, 16478646, 16596245, 17018615, 17023741",12.0,"12060625, 12209716, 12952364, 15546158, 15610403, 15867212, 15940269, 16368780, 16478646, 16596245, 17018615, 17023741"
505,SOX2,AMPLIFICATION,1.2920437544143294e-55,0.0116086711831392,15942670,1.0,HNF4A,True,16839255,1.0,16839255
508,SOX2,AMPLIFICATION,1.2920437544143294e-55,0.0116086711831392,15942670,1.0,SNAI2,True,17724139,1.0,17724139
510,SOX2,AMPLIFICATION,1.2920437544143294e-55,0.0116086711831392,15942670,1.0,CD44,True,"11168856, 11575852, 11798963, 11887001, 12146030, 12175687, 12417089, 12520353, 12597336, 12820405, 14666731, 14747059, 14981989, 15767360, 15790695, 16035618, 16186806, 16514248, 16565089, 16713680, 16798062, 16837897, 16848180, 16903330, 17611662, 17643963, 17708612, 17999917, 18051718, 18314910, 18396788, 18415803, 18547053",33.0,"11168856, 11575852, 11798963, 11887001, 12146030, 12175687, 12417089, 12520353, 12597336, 12820405, 14666731, 14747059, 14981989, 15767360, 15790695, 16035618, 16186806, 16514248, 16565089, 16713680, 16798062, 16837897, 16848180, 16903330, 17611662, 17643963, 17708612, 17999917, 18051718, 18314910, 18396788, 18415803, 18547053"
513,SOX2,AMPLIFICATION,1.2920437544143294e-55,0.0116086711831392,15942670,1.0,NFIB,True,11346465,1.0,11346465
514,SOX2,AMPLIFICATION,1.2920437544143294e-55,0.0116086711831392,15942670,1.0,ANXA1,True,"16270603, 16627980, 16899607",3.0,"16270603, 16627980, 16899607"
515,SOX2,AMPLIFICATION,1.2920437544143294e-55,0.0116086711831392,15942670,1.0,CDKN2A,True,"11309301, 11720478, 12459644, 12632081, 12684406, 14586645, 14654786, 14991744, 15083191, 15495191, 16278815, 16713672, 16849682, 17079134, 17117177, 18413807",16.0,"11309301, 11720478, 12459644, 12632081, 12684406, 14586645, 14654786, 14991744, 15083191, 15495191, 16278815, 16713672, 16849682, 17079134, 17117177, 18413807"
521,SOX2,AMPLIFICATION,1.2920437544143294e-55,0.0116086711831392,15942670,1.0,THY1,True,16007174,1.0,16007174
529,SOX2,AMPLIFICATION,1.2920437544143294e-55,0.0116086711831392,15942670,1.0,TP53,True,"11390535, 11445847, 11445859, 11916556, 12589859, 12673364, 12673679, 12702551, 12708486, 12935924, 14689060, 15240783, 15810068, 15965904, 16012721, 16393249, 16455286, 16682429, 16713672, 16847809, 16903330, 16969480, 17258495, 17312781, 17565818, 17638058, 17693665, 17725429, 17908957",29.0,"11390535, 11445847, 11445859, 11916556, 12589859, 12673364, 12673679, 12702551, 12708486, 12935924, 14689060, 15240783, 15810068, 15965904, 16012721, 16393249, 16455286, 16682429, 16713672, 16847809, 16903330, 16969480, 17258495, 17312781, 17565818, 17638058, 17693665, 17725429, 17908957"
533,SOX2,AMPLIFICATION,1.2920437544143294e-55,0.0116086711831392,15942670,1.0,PBX1,True,15770739,1.0,15770739
537,SOX2,AMPLIFICATION,1.2920437544143294e-55,0.0116086711831392,15942670,1.0,POU5F1,True,15942670,1.0,15942670
538,SOX2,AMPLIFICATION,1.2920437544143294e-55,0.0116086711831392,15942670,1.0,CDH1,True,"11555590, 12579297, 12632081, 15073103, 15073117, 15289362, 15840741, 16263813, 17201146, 17724139",10.0,"11555590, 12579297, 12632081, 15073103, 15073117, 15289362, 15840741, 16263813, 17201146, 17724139"
542,SOX2,AMPLIFICATION,1.2920437544143294e-55,0.0116086711831392,15942670,1.0,EZH2,True,18326020,1.0,18326020
543,SOX2,AMPLIFICATION,1.2920437544143294e-55,0.0116086711831392,15942670,1.0,CD24,True,12874078,1.0,12874078
552,SOX2,AMPLIFICATION,1.2920437544143294e-55,0.0116086711831392,15942670,1.0,CTNNB1,True,"15195113, 16001430, 17131411, 18044981",4.0,"15195113, 16001430, 17131411, 18044981"
556,SOX2,AMPLIFICATION,1.2920437544143294e-55,0.0116086711831392,15942670,1.0,EGF,True,"11147596, 11288981, 11745457, 12013556, 15802876, 17453000, 17524637, 17587817, 17611340, 18180893",10.0,"11147596, 11288981, 11745457, 12013556, 15802876, 17453000, 17524637, 17587817, 17611340, 18180893"
557,SOX2,AMPLIFICATION,1.2920437544143294e-55,0.0116086711831392,15942670,1.0,MYC,True,"11368094, 11911252, 14499691, 16807070, 18000363",5.0,"11368094, 11911252, 14499691, 16807070, 18000363"
568,SOX2,AMPLIFICATION,1.2920437544143294e-55,0.0116086711831392,15942670,1.0,ALDH1A1,True,17974998,1.0,17974998
573,SOX2,AMPLIFICATION,1.2920437544143294e-55,0.0116086711831392,15942670,1.0,FGF4,True,"12429977, 15942670, 17016592, 17487429, 18405350",5.0,"12429977, 15942670, 17016592, 17487429, 18405350"
578,SOX2,AMPLIFICATION,1.2920437544143294e-55,0.0116086711831392,15942670,1.0,CCND1,True,"11470749, 11859213, 11958128, 12649172, 14499691, 14581353, 14586645, 14603450, 14697637, 15195525, 15846092, 16001430, 16235239, 16446704, 16446704, 16490596, 16807070, 16815198, 16906560, 16954163, 17065789, 17487429, 17641416, 18251939, 18398822, 18405350",25.0,"11470749, 11859213, 11958128, 12649172, 14499691, 14581353, 14586645, 14603450, 14697637, 15195525, 15846092, 16001430, 16235239, 16446704, 16446704, 16490596, 16807070, 16815198, 16906560, 16954163, 17065789, 17487429, 17641416, 18251939, 18398822, 18405350"
582,SOX2,AMPLIFICATION,1.2920437544143294e-55,0.0116086711831392,15942670,1.0,SMAD3,True,"12161532, 16407850, 16596245, 16788944, 16837618, 18426913",6.0,"12161532, 16407850, 16596245, 16788944, 16837618, 18426913"
588,SOX2,AMPLIFICATION,1.2920437544143294e-55,0.0116086711831392,15942670,1.0,CDK1,True,"11272092, 15645429, 16525614",3.0,"11272092, 15645429, 16525614"
593,SOX2,AMPLIFICATION,1.2920437544143294e-55,0.0116086711831392,15942670,1.0,AKT1,True,"12532415, 14581353, 15896313, 16002527, 16778075, 17974918",6.0,"12532415, 14581353, 15896313, 16002527, 16778075, 17974918"
597,STS,DELETION,3.07824363509455e-08,0.0253930555817348,11746990,1.0,CYP3A5,True,"15180491, 15897249, 16272171, 17373732, 18309947",5.0,"15180491, 15897249, 16272171, 17373732, 18309947"
600,STS,DELETION,3.07824363509455e-08,0.0253930555817348,11746990,1.0,CYP1A1,True,"11860825, 12110344, 12359752, 12767509, 12872524, 15180491, 15206494, 15725615, 15914277, 16381670, 16530937, 16713138, 16922636, 17611777, 17674367, 18543609, 18642288",17.0,"11860825, 12110344, 12359752, 12767509, 12872524, 15180491, 15206494, 15725615, 15914277, 16381670, 16530937, 16713138, 16922636, 17611777, 17674367, 18543609, 18642288"
603,STS,DELETION,3.07824363509455e-08,0.0253930555817348,11746990,1.0,CYP1A2,True,"12222751, 15180491, 18543609",3.0,"12222751, 15180491, 18543609"
604,STS,DELETION,3.07824363509455e-08,0.0253930555817348,11746990,1.0,CYP3A4,True,"15180491, 17373732, 18309947",3.0,"15180491, 17373732, 18309947"
609,STS,DELETION,3.07824363509455e-08,0.0253930555817348,11746990,1.0,SULT1A1,True,"12455060, 16272171",2.0,"12455060, 16272171"
620,STS,DELETION,3.07824363509455e-08,0.0253930555817348,11746990,1.0,CYP3A7,True,15180491,1.0,15180491
627,STS,DELETION,3.07824363509455e-08,0.0253930555817348,11746990,1.0,AKR1C3,True,"16713138, 17079134",2.0,"16713138, 17079134"
628,STS,DELETION,3.07824363509455e-08,0.0253930555817348,11746990,1.0,CD99,True,"11684960, 11696177, 12753176, 12783138, 12808569, 15460417, 15511276, 15909170, 16197421, 16861978, 16872444, 18262374",12.0,"11684960, 11696177, 12753176, 12783138, 12808569, 15460417, 15511276, 15909170, 16197421, 16861978, 16872444, 18262374"
630,STS,DELETION,3.07824363509455e-08,0.0253930555817348,11746990,1.0,CYP2E1,True,"11389775, 11802217, 11971997, 12198369, 12222751, 12517535, 12767509, 12960506, 14644339, 15180491, 16393248, 16704527, 17146594, 17264406, 17373732, 17611777, 18322963",17.0,"11389775, 11802217, 11971997, 12198369, 12222751, 12517535, 12767509, 12960506, 14644339, 15180491, 16393248, 16704527, 17146594, 17264406, 17373732, 17611777, 18322963"
638,TLR7,DELETION,3.07824363509455e-08,0.0253930555817348,17201162,1.0,CCR2,True,11172294,1.0,11172294
639,TLR7,DELETION,3.07824363509455e-08,0.0253930555817348,17201162,1.0,TLR4,True,16315869,1.0,16315869
646,TLR7,DELETION,3.07824363509455e-08,0.0253930555817348,17201162,1.0,CD40,True,"11168856, 11675352, 15330155, 15876961, 15878750, 15901281, 16433790, 16630289, 17961770",9.0,"11168856, 11675352, 15330155, 15876961, 15878750, 15901281, 16433790, 16630289, 17961770"
655,TLR7,DELETION,3.07824363509455e-08,0.0253930555817348,17201162,1.0,IRF1,True,15947106,1.0,15947106
658,TLR7,DELETION,3.07824363509455e-08,0.0253930555817348,17201162,1.0,IL6,True,"15034017, 15947106",2.0,"15034017, 15947106"
660,TLR7,DELETION,3.07824363509455e-08,0.0253930555817348,17201162,1.0,CD274,True,18314910,1.0,18314910
661,TLR7,DELETION,3.07824363509455e-08,0.0253930555817348,17201162,1.0,IL1B,True,"15623624, 17356794",2.0,"15623624, 17356794"
663,TLR7,DELETION,3.07824363509455e-08,0.0253930555817348,17201162,1.0,STAT1,True,"11222718, 12162406, 12963127, 15947106, 16249117, 16449678, 17961551, 18347248",8.0,"11222718, 12162406, 12963127, 15947106, 16249117, 16449678, 17961551, 18347248"
669,TLR7,DELETION,3.07824363509455e-08,0.0253930555817348,17201162,1.0,TNF,True,"11926139, 12548461, 16888677, 18197435",4.0,"11926139, 12548461, 16888677, 18197435"
670,TLR7,DELETION,3.07824363509455e-08,0.0253930555817348,17201162,1.0,CAMP,True,15062572,1.0,15062572
671,TLR7,DELETION,3.07824363509455e-08,0.0253930555817348,17201162,1.0,STAT3,True,"11222718, 11426647, 11773428, 12067972, 12162406, 12440226, 12440226, 12532415, 12637586, 12640143, 12782602, 12865943, 12960141, 12963127, 15173005, 15254691, 15374974, 15498875, 15592503, 15613280, 15715937, 15947106, 16158919, 16490172, 16503733, 16642480, 17020778, 17122156, 17145757, 17225522, 17325127, 17498291, 17525119, 17566705, 17634553, 17761947, 17822622, 17826306, 17961551, 18172861, 18204781, 18326051",41.0,"11222718, 11426647, 11773428, 12067972, 12162406, 12440226, 12440226, 12532415, 12637586, 12640143, 12782602, 12865943, 12960141, 12963127, 15173005, 15254691, 15374974, 15498875, 15592503, 15613280, 15715937, 15947106, 16158919, 16490172, 16503733, 16642480, 17020778, 17122156, 17145757, 17225522, 17325127, 17498291, 17525119, 17566705, 17634553, 17761947, 17822622, 17826306, 17961551, 18172861, 18204781, 18326051"
674,TLR7,DELETION,3.07824363509455e-08,0.0253930555817348,17201162,1.0,CD4,True,"11104591, 11104591, 11174380, 11450684, 12541675, 16242001, 16425367, 16557179, 16970087, 17979491, 18180893, 18370955",11.0,"11104591, 11104591, 11174380, 11450684, 12541675, 16242001, 16425367, 16557179, 16970087, 17979491, 18180893, 18370955"
678,TLR7,DELETION,3.07824363509455e-08,0.0253930555817348,17201162,1.0,RIPK3,True,15947106,1.0,15947106
683,TLR7,DELETION,3.07824363509455e-08,0.0253930555817348,17201162,1.0,NFKB1,True,16387424,1.0,16387424
687,TLR7,DELETION,3.07824363509455e-08,0.0253930555817348,17201162,1.0,TLR3,True,"17525119, 17786279, 18204787",3.0,"17525119, 17786279, 18204787"
689,TLR7,DELETION,3.07824363509455e-08,0.0253930555817348,17201162,1.0,CD86,True,"14960242, 15052669, 15694020, 15876961, 16433790, 17366789",6.0,"14960242, 15052669, 15694020, 15876961, 16433790, 17366789"
691,TLR7,DELETION,3.07824363509455e-08,0.0253930555817348,17201162,1.0,CXCL10,True,"15761501, 15947106, 18182249",3.0,"15761501, 15947106, 18182249"
692,TLR7,DELETION,3.07824363509455e-08,0.0253930555817348,17201162,1.0,CD80,True,"14960242, 15052669, 15876961, 16433790, 17366789, 18300341",6.0,"14960242, 15052669, 15876961, 16433790, 17366789, 18300341"
